row_idx,qid,ground_truth,model_output_norm,correct,p_correct,hardness,weight
0,0,no,yes,0,7.153750119295203e-05,0.9999284624988071,2.999856924997614
1,1,no,no,1,0.9833095659215099,0.016690434078490135,1.0333808681569803
2,2,no,no,1,0.7261436704660295,0.27385632953397054,1.547712659067941
3,3,no,yes,0,0.673614722414321,0.32638527758567903,1.652770555171358
4,4,no,no,1,0.9869929530932144,0.013007046906785558,1.0260140938135711
5,5,yes,yes,1,0.3913816274982399,0.6086183725017601,2.21723674500352
6,6,no,yes,0,0.006979654741965882,0.9930203452580341,2.9860406905160684
7,7,yes,yes,1,0.8213706437990214,0.17862935620097864,1.3572587124019573
8,8,no,yes,0,0.010935475346880809,0.9890645246531192,2.9781290493062382
9,9,yes,no,0,0.14020760095858603,0.859792399041414,2.719584798082828
10,10,yes,yes,1,0.9952688855728821,0.004731114427117933,1.0094622288542359
11,11,no,yes,0,0.018314956456355048,0.9816850435436449,2.9633700870872897
12,12,yes,yes,1,0.9990569459480424,0.0009430540519576036,1.0018861081039152
13,13,yes,yes,1,0.9810958499708656,0.01890415002913437,1.0378083000582687
14,14,no,yes,0,0.0006759509356692837,0.9993240490643307,2.9986480981286614
15,15,no,yes,0,0.04110646177533978,0.9588935382246602,2.9177870764493203
16,16,no,yes,0,0.5964819252764544,0.4035180747235456,1.8070361494470912
17,17,yes,yes,1,0.8535538068997794,0.14644619310022056,1.2928923862004411
18,18,no,yes,0,0.0041594890961998395,0.9958405109038002,2.9916810218076004
19,19,yes,yes,1,0.5590759142308238,0.4409240857691762,1.8818481715383524
20,20,yes,yes,1,0.993742585610023,0.006257414389976956,1.012514828779954
21,21,no,yes,0,0.787656301083572,0.21234369891642801,1.424687397832856
22,22,yes,yes,1,0.9957510348716888,0.0042489651283111884,1.0084979302566224
23,23,no,yes,0,0.6686925700415292,0.33130742995847084,1.6626148599169417
24,24,no,yes,0,0.008780458293244791,0.9912195417067552,2.98243908341351
25,25,yes,yes,1,0.9453513676582771,0.0546486323417229,1.1092972646834458
26,26,no,no,1,0.9999451801437887,5.4819856211252294e-05,1.0001096397124225
27,27,no,no,1,0.43582397467098205,0.564176025329018,2.128352050658036
28,28,yes,yes,1,0.9941951665309905,0.005804833469009507,1.011609666938019
29,29,no,yes,0,0.05443182306079999,0.9455681769392,2.8911363538784
30,30,yes,yes,1,0.9798209041702284,0.02017909582977162,1.0403581916595432
31,31,yes,yes,1,0.5944905382862904,0.4055094617137096,1.8110189234274192
32,32,yes,yes,1,0.9340636519428285,0.06593634805717152,1.131872696114343
33,33,yes,yes,1,0.9999867365400159,1.3263459984091952e-05,1.0000265269199682
34,34,yes,no,0,0.06798561881123041,0.9320143811887696,2.864028762377539
35,35,no,yes,0,0.00980964617217898,0.9901903538278211,2.980380707655642
36,36,no,yes,0,0.09514897407898962,0.9048510259210104,2.809702051842021
37,37,no,yes,0,0.0016917554344298114,0.9983082445655702,2.9966164891311404
38,38,no,yes,0,0.1863500600383415,0.8136499399616585,2.627299879923317
39,39,no,yes,0,0.38642218973748677,0.6135778102625132,2.2271556205250267
40,40,no,yes,0,0.010609134533700005,0.9893908654663,2.9787817309326
41,41,no,yes,0,0.680307093917855,0.31969290608214496,1.63938581216429
42,42,no,no,1,0.8808320995262364,0.11916790047376358,1.2383358009475272
43,43,yes,yes,1,0.9361980265959619,0.06380197340403815,1.1276039468080763
44,44,no,no,1,0.9232627379342387,0.07673726206576126,1.1534745241315225
45,45,yes,yes,1,0.9998539148451163,0.00014608515488367946,1.0002921703097674
46,46,no,yes,0,0.00022270905735620125,0.9997772909426438,2.9995545818852873
47,47,yes,yes,1,0.9999519092412578,4.809075874223634e-05,1.0000961815174845
48,48,yes,yes,1,0.8409465929259905,0.1590534070740095,1.318106814148019
49,49,no,yes,0,7.73232402736544e-05,0.9999226767597263,2.9998453535194525
50,50,no,no,1,0.8860348940995024,0.11396510590049758,1.2279302118009952
51,51,no,no,1,0.3429417626161091,0.6570582373838909,2.314116474767782
52,52,yes,yes,1,0.999782040138321,0.00021795986167905124,1.000435919723358
53,53,no,no,1,0.8858026887193954,0.11419731128060462,1.2283946225612092
54,54,no,no,1,0.9838009304553994,0.016199069544600597,1.0323981390892012
55,55,yes,yes,1,0.7896777409648074,0.21032225903519264,1.4206445180703853
56,56,no,yes,0,0.8268585337500979,0.17314146624990212,1.3462829324998042
57,57,yes,yes,1,0.8825915568260411,0.11740844317395893,1.2348168863479179
58,58,no,yes,0,0.3517589779269535,0.6482410220730466,2.296482044146093
59,59,yes,no,0,0.16077016448799736,0.8392298355120027,2.6784596710240054
60,60,yes,yes,1,0.999779524505011,0.0002204754949890475,1.000440950989978
61,61,no,yes,0,7.932397820227e-06,0.9999920676021797,2.9999841352043592
62,62,yes,yes,1,0.9027414372539543,0.09725856274604572,1.1945171254920914
63,63,yes,yes,1,0.9944427712980669,0.005557228701933092,1.0111144574038662
64,64,no,yes,0,0.11924974101862826,0.8807502589813717,2.7615005179627437
65,65,no,yes,0,0.0023977225418940233,0.9976022774581059,2.995204554916212
66,66,no,yes,0,0.6826619330902335,0.3173380669097665,1.634676133819533
67,67,yes,yes,1,0.2844755131241244,0.7155244868758757,2.4310489737517513
68,68,no,yes,0,0.00019096046956918123,0.9998090395304308,2.9996180790608618
69,69,yes,no,0,0.9487486767250938,0.051251323274906224,1.1025026465498124
70,70,yes,yes,1,0.9994327269358929,0.0005672730641070878,1.0011345461282142
71,71,no,yes,0,0.004171772006699172,0.9958282279933008,2.9916564559866017
72,72,yes,yes,1,0.9665012079065909,0.03349879209340911,1.0669975841868182
73,73,no,yes,0,0.25541075269945174,0.7445892473005482,2.4891784946010964
74,74,yes,yes,1,0.000805093156805599,0.9991949068431945,2.998389813686389
75,75,yes,yes,1,0.9263729366134921,0.07362706338650793,1.1472541267730159
76,76,no,no,1,0.9990343259881084,0.0009656740118916263,1.0019313480237833
77,77,no,no,1,0.8973007887467447,0.10269921125325532,1.2053984225065106
78,78,yes,yes,1,0.45503415830581995,0.54496584169418,2.08993168338836
79,79,no,yes,0,0.5066798641512567,0.49332013584874335,1.9866402716974867
80,80,yes,yes,1,0.9897876273462667,0.010212372653733315,1.0204247453074666
81,81,yes,yes,1,0.9291110643488939,0.0708889356511061,1.1417778713022122
82,82,yes,yes,1,0.9998992788403503,0.00010072115964965267,1.0002014423192993
83,83,yes,yes,1,0.9999992937856752,7.062143247971164e-07,1.0000014124286496
84,84,yes,no,0,0.05492508012049841,0.9450749198795015,2.890149839759003
85,85,no,yes,0,0.1291558916683196,0.8708441083316805,2.741688216663361
86,86,no,yes,0,0.0443348847591238,0.9556651152408762,2.9113302304817523
87,87,no,yes,0,0.08360741585099303,0.9163925841490069,2.832785168298014
88,88,no,yes,0,0.016046481180090662,0.9839535188199093,2.9679070376398187
89,89,no,no,1,0.9991997806145533,0.000800219385446721,1.0016004387708934
90,90,no,yes,0,0.055438219200042424,0.9445617807999576,2.889123561599915
91,91,no,yes,0,0.0050528401511352565,0.9949471598488647,2.9898943196977292
92,92,no,no,1,0.949729891973769,0.050270108026231,1.100540216052462
93,93,yes,yes,1,0.590693637653891,0.40930636234610895,1.818612724692218
94,94,no,no,1,0.967245344954814,0.03275465504518604,1.065509310090372
95,95,yes,yes,1,0.9531596379048487,0.0468403620951513,1.0936807241903026
96,96,no,yes,0,0.8704287907995765,0.12957120920042353,1.259142418400847
97,97,yes,yes,1,0.9999587743074865,4.122569251352459e-05,1.000082451385027
98,98,yes,yes,1,0.019903114470103647,0.9800968855298964,2.9601937710597928
99,99,no,yes,0,0.03613717402826406,0.9638628259717359,2.927725651943472
100,100,no,no,1,0.03381301193589463,0.9661869880641054,2.932373976128211
101,101,no,no,1,0.9860586735537846,0.013941326446215374,1.0278826528924307
102,102,yes,yes,1,0.07078009474404237,0.9292199052559577,2.858439810511915
103,103,no,yes,0,0.5434366905628855,0.45656330943711454,1.913126618874229
104,104,no,no,1,0.9998461000598278,0.00015389994017223074,1.0003077998803445
105,105,yes,yes,1,0.9952605952217569,0.004739404778243084,1.0094788095564862
106,106,no,yes,0,0.029672001450172226,0.9703279985498278,2.9406559970996557
107,107,yes,yes,1,0.6257949874037471,0.37420501259625294,1.7484100251925059
108,108,no,yes,0,0.35076863824376187,0.6492313617562382,2.2984627235124764
109,109,yes,no,0,0.5432338885799128,0.45676611142008716,1.9135322228401743
110,110,yes,yes,1,0.9999935649293097,6.435070690313793e-06,1.0000128701413806
111,111,no,yes,0,0.5424284035808346,0.45757159641916545,1.915143192838331
112,112,yes,yes,1,0.9980432565972284,0.0019567434027716324,1.0039134868055433
113,113,yes,yes,1,0.989872607902677,0.010127392097323051,1.020254784194646
114,114,no,no,1,0.5488053936611899,0.45119460633881014,1.9023892126776203
115,115,no,yes,0,0.0003158877358429935,0.999684112264157,2.9993682245283138
116,116,no,yes,0,0.04357786035180538,0.9564221396481947,2.9128442792963893
117,117,yes,yes,1,0.9313272421783302,0.06867275782166982,1.1373455156433396
118,118,no,yes,0,7.949757562744354e-06,0.9999920502424372,2.999984100484874
119,119,yes,no,0,0.34540569154493644,0.6545943084550636,2.3091886169101272
120,120,yes,yes,1,0.9993178400468121,0.0006821599531878775,1.0013643199063758
121,121,no,yes,0,0.8323445997006099,0.16765540029939008,1.3353108005987802
122,122,yes,yes,1,0.9815341695230757,0.018465830476924294,1.0369316609538486
123,123,yes,yes,1,0.26841149946240744,0.7315885005375926,2.4631770010751852
124,124,no,yes,0,0.6962908386509198,0.3037091613490802,1.6074183226981604
125,125,yes,yes,1,0.9850504337325502,0.01494956626744981,1.0298991325348996
126,126,no,no,1,0.999897839607942,0.00010216039205801497,1.000204320784116
127,127,no,no,1,0.640836613515677,0.359163386484323,1.718326772968646
128,128,yes,yes,1,0.9449018548074256,0.05509814519257439,1.1101962903851488
129,129,no,yes,0,0.08535781255666268,0.9146421874433374,2.829284374886675
130,130,yes,yes,1,0.5106610089197207,0.48933899108027934,1.9786779821605587
131,131,yes,yes,1,0.9840988882821146,0.01590111171788544,1.0318022234357709
132,132,yes,yes,1,0.9741625914336428,0.02583740856635719,1.0516748171327144
133,133,yes,yes,1,0.9999859978094785,1.4002190521500424e-05,1.000028004381043
134,134,yes,no,0,0.1539661206961761,0.8460338793038239,2.6920677586076476
135,135,no,yes,0,0.046701779946795044,0.953298220053205,2.90659644010641
136,136,no,yes,0,0.015705249792708417,0.9842947502072916,2.9685895004145832
137,137,no,yes,0,0.008499604965065676,0.9915003950349344,2.9830007900698687
138,138,no,yes,0,0.15690607572212673,0.8430939242778732,2.6861878485557464
139,139,no,no,1,0.9980388103659249,0.0019611896340751,1.0039223792681502
140,140,no,yes,0,0.2936741486137112,0.7063258513862888,2.4126517027725773
141,141,no,yes,0,0.03553838702848691,0.9644616129715131,2.9289232259430262
142,142,no,no,1,0.9634336313298831,0.03656636867011687,1.0731327373402337
143,143,no,yes,0,0.628376117587388,0.371623882412612,1.743247764825224
144,144,no,no,1,0.9996190704114226,0.00038092958857738335,1.0007618591771548
145,145,yes,yes,1,0.6716938467046172,0.3283061532953828,1.6566123065907656
146,146,no,yes,0,0.0016894111422901235,0.9983105888577098,2.9966211777154195
147,147,yes,yes,1,0.7197116924988903,0.28028830750110967,1.5605766150022193
148,148,yes,yes,1,0.9797250297352428,0.02027497026475722,1.0405499405295144
149,149,no,yes,0,0.004381822384182147,0.9956181776158178,2.991236355231636
150,150,no,no,1,0.9273385714216836,0.07266142857831637,1.1453228571566327
151,151,no,no,1,0.9940083522179876,0.005991647782012444,1.0119832955640249
152,152,yes,yes,1,0.9895694906890506,0.010430509310949354,1.0208610186218987
153,153,no,yes,0,0.21771352058909546,0.7822864794109046,2.564572958821809
154,154,no,no,1,0.9956545027365328,0.004345497263467224,1.0086909945269344
155,155,no,yes,0,0.1496532082137033,0.8503467917862967,2.700693583572593
156,156,no,yes,0,0.002422475168479998,0.99757752483152,2.99515504966304
157,157,yes,yes,1,0.9630940697124971,0.036905930287502886,1.0738118605750058
158,158,no,yes,0,0.0006983788266536247,0.9993016211733464,2.998603242346693
159,159,yes,no,0,0.0004191138635487186,0.9995808861364512,2.9991617722729025
160,160,yes,yes,1,0.9999995968804187,4.0311958127148273e-07,1.0000008062391625
161,161,no,yes,0,0.04574099111394416,0.9542590088860559,2.9085180177721117
162,162,yes,yes,1,0.6879548528677776,0.3120451471322224,1.6240902942644448
163,163,yes,yes,1,0.9998208608633232,0.00017913913667677583,1.0003582782733536
164,164,no,no,1,0.8992647036826821,0.10073529631731792,1.2014705926346358
165,165,no,yes,0,0.022212080960640503,0.9777879190393595,2.955575838078719
166,166,no,no,1,0.9625608881562583,0.03743911184374171,1.0748782236874834
167,167,yes,yes,1,0.9856390353279173,0.014360964672082699,1.0287219293441654
168,168,no,yes,0,0.501846803112285,0.498153196887715,1.99630639377543
169,169,yes,no,0,0.03129607120447156,0.9687039287955285,2.937407857591057
170,170,yes,yes,1,0.9997469658015513,0.00025303419844868724,1.0005060683968974
171,171,no,no,1,0.0003832664346146639,0.9996167335653854,2.9992334671307708
172,172,yes,no,0,0.16198917463303944,0.8380108253669606,2.6760216507339214
173,173,no,yes,0,0.9486313948651567,0.051368605134843315,1.1027372102696866
174,174,yes,yes,1,0.0011333155306327224,0.9988666844693673,2.997733368938735
175,175,yes,no,0,0.15541810586453078,0.8445818941354692,2.6891637882709385
176,176,no,no,1,0.9870163158380216,0.01298368416197837,1.0259673683239567
177,177,no,yes,0,0.08170022534497938,0.9182997746550207,2.8365995493100415
178,178,yes,yes,1,0.6491073347446091,0.35089266525539087,1.7017853305107817
179,179,no,yes,0,0.0015627528289515356,0.9984372471710484,2.996874494342097
180,180,yes,yes,1,0.982978198463021,0.017021801536978964,1.034043603073958
181,181,yes,yes,1,0.9980491295275771,0.0019508704724229275,1.0039017409448459
182,182,yes,yes,1,0.9681486425783998,0.03185135742160017,1.0637027148432003
183,183,yes,yes,1,0.9794956530499871,0.02050434695001291,1.0410086939000258
184,184,yes,no,0,0.08801840532712533,0.9119815946728747,2.8239631893457493
185,185,no,no,1,0.03410361917476889,0.9658963808252311,2.9317927616504624
186,186,no,yes,0,0.48342434127604417,0.5165756587239558,2.0331513174479117
187,187,no,yes,0,0.4501330531221583,0.5498669468778417,2.0997338937556833
188,188,no,yes,0,0.00043619186479248117,0.9995638081352075,2.999127616270415
189,189,no,no,1,0.9850942171714967,0.0149057828285033,1.0298115656570066
190,190,no,no,1,0.008587996372628396,0.9914120036273716,2.9828240072547434
191,191,no,yes,0,0.1322148379381755,0.8677851620618244,2.735570324123649
192,192,no,no,1,0.937526279076473,0.06247372092352699,1.124947441847054
193,193,yes,yes,1,0.9996251296917554,0.00037487030824456813,1.0007497406164891
194,194,no,no,1,0.9952523238267348,0.004747676173265214,1.0094953523465304
195,195,yes,yes,1,0.07449093242755206,0.925509067572448,2.851018135144896
196,196,no,yes,0,0.8273909294757718,0.17260907052422825,1.3452181410484565
197,197,yes,yes,1,0.9998993751605902,0.00010062483940975753,1.0002012496788195
198,198,yes,yes,1,0.9983250251182639,0.0016749748817360688,1.0033499497634721
199,199,no,yes,0,0.010203466815040349,0.9897965331849596,2.9795930663699193
200,200,no,no,1,0.9918882038093846,0.008111796190615417,1.0162235923812308
201,201,no,no,1,0.9677539919321203,0.032246008067879695,1.0644920161357594
202,202,yes,yes,1,0.6188004378810219,0.3811995621189781,1.7623991242379562
203,203,no,yes,0,0.6513193584888589,0.3486806415111411,1.6973612830222822
204,204,no,no,1,0.2246495122991203,0.7753504877008797,2.5507009754017593
205,205,yes,yes,1,0.7348026549370023,0.26519734506299775,1.5303946901259955
206,206,no,yes,0,0.00019677559981466847,0.9998032244001853,2.9996064488003706
207,207,yes,yes,1,0.8887087921335441,0.11129120786645585,1.2225824157329117
208,208,no,yes,0,0.00014702300734389655,0.9998529769926561,2.999705953985312
209,209,yes,no,0,0.024665217882581712,0.9753347821174183,2.9506695642348366
210,210,yes,yes,1,0.9999966398057993,3.360194200663358e-06,1.0000067203884013
211,211,no,yes,0,0.48533088581592226,0.5146691141840778,2.0293382283681556
212,212,yes,yes,1,0.9839813799214095,0.01601862007859045,1.032037240157181
213,213,yes,yes,1,0.9998201859484904,0.00017981405150957475,1.0003596281030191
214,214,no,no,1,0.9883872451150618,0.011612754884938181,1.0232255097698764
215,215,no,yes,0,0.015913267377786235,0.9840867326222138,2.9681734652444276
216,216,no,no,1,0.8595762940036132,0.14042370599638676,1.2808474119927735
217,217,yes,yes,1,0.9105680765317438,0.08943192346825624,1.1788638469365125
218,218,no,yes,0,0.0006254280493358294,0.9993745719506641,2.9987491439013283
219,219,yes,yes,1,0.01848421852714546,0.9815157814728546,2.963031562945709
220,220,yes,yes,1,0.9999449969440112,5.50030559888226e-05,1.0001100061119776
221,221,no,no,1,0.40343539914087573,0.5965646008591243,2.1931292017182487
222,222,yes,no,0,0.08326905746955672,0.9167309425304433,2.8334618850608866
223,223,yes,yes,1,0.15455847646393642,0.8454415235360636,2.690883047072127
224,224,no,yes,0,0.9489946850618773,0.05100531493812266,1.1020106298762453
225,225,yes,no,0,0.524512890096021,0.475487109903979,1.950974219807958
226,226,no,no,1,0.9995195858638001,0.0004804141361999248,1.0009608282723998
227,227,no,yes,0,0.8040748226565331,0.19592517734346693,1.3918503546869339
228,228,yes,yes,1,0.8317644247345287,0.16823557526547128,1.3364711505309426
229,229,no,yes,0,0.00011678832427286013,0.9998832116757271,2.9997664233514545
230,230,yes,yes,1,0.3556872123351275,0.6443127876648724,2.288625575329745
231,231,yes,yes,1,0.891229310827225,0.10877068917277499,1.21754137834555
232,232,yes,yes,1,0.9605035420695267,0.039496457930473294,1.0789929158609466
233,233,yes,yes,1,0.9915604967529162,0.008439503247083757,1.0168790064941675
234,234,yes,no,0,0.2162058654869054,0.7837941345130945,2.567588269026189
235,235,no,no,1,0.9931114832689183,0.006888516731081706,1.0137770334621634
236,236,no,yes,0,0.012348268084253346,0.9876517319157466,2.9753034638314935
237,237,no,no,1,0.9838044533128215,0.016195546687178486,1.032391093374357
238,238,no,yes,0,0.00038566265259923273,0.9996143373474008,2.999228674694802
239,239,no,no,1,0.9996986983569075,0.00030130164309249974,1.000602603286185
240,240,no,no,1,0.013367701536997578,0.9866322984630024,2.973264596926005
241,241,no,yes,0,0.30861212583956693,0.6913878741604331,2.3827757483208662
242,242,no,no,1,0.9845222760756621,0.015477723924337883,1.0309554478486758
243,243,no,yes,0,0.8538756910002373,0.1461243089997627,1.2922486179995254
244,244,no,no,1,0.9941127259448154,0.0058872740551846325,1.0117745481103693
245,245,yes,yes,1,0.1854183985327594,0.8145816014672406,2.629163202934481
246,246,no,no,1,0.04821916670692952,0.9517808332930705,2.903561666586141
247,247,yes,yes,1,0.999997705692102,2.294307897998671e-06,1.000004588615796
248,248,yes,yes,1,0.9995821321897377,0.0004178678102623179,1.0008357356205246
249,249,no,yes,0,0.9294505831995313,0.07054941680046867,1.1410988336009373
250,250,no,yes,0,0.16655165939856326,0.8334483406014368,2.6668966812028736
251,251,yes,yes,1,0.32136400879887744,0.6786359912011226,2.3572719824022452
252,252,no,yes,0,0.4796058865984656,0.5203941134015344,2.040788226803069
253,253,yes,yes,1,0.19115297079526553,0.8088470292047345,2.617694058409469
254,254,no,yes,0,0.9981421608639062,0.0018578391360938307,1.0037156782721877
255,255,no,yes,0,0.27818780378103125,0.7218121962189687,2.4436243924379375
256,256,yes,yes,1,0.4892194625621274,0.5107805374378727,2.0215610748757453
257,257,yes,yes,1,0.5392328106422856,0.46076718935771444,1.9215343787154289
258,258,yes,yes,1,0.6148606311667746,0.3851393688332254,1.7702787376664508
259,259,yes,no,0,0.0027228631669322383,0.9972771368330677,2.9945542736661355
260,260,yes,yes,1,0.9990489126013945,0.0009510873986054991,1.001902174797211
261,261,yes,yes,1,0.9960712248110916,0.00392877518890844,1.0078575503778169
262,262,no,yes,0,0.609492307036424,0.390507692963576,1.781015385927152
263,263,yes,yes,1,0.9601739253027223,0.039826074697277725,1.0796521493945554
264,264,yes,yes,1,0.7668768198230754,0.23312318017692457,1.4662463603538491
265,265,yes,yes,1,0.0792255426530701,0.9207744573469299,2.8415489146938597
266,266,yes,yes,1,0.03949989416567709,0.9605001058343229,2.9210002116686455
267,267,no,yes,0,0.01198996795754931,0.9880100320424506,2.976020064084901
268,268,no,yes,0,0.48734100411447295,0.512658995885527,2.025317991771054
269,269,no,yes,0,0.00010923489629944129,0.9998907651037006,2.999781530207401
270,270,no,no,1,0.6698555509316831,0.33014444906831686,1.6602888981366337
271,271,yes,yes,1,0.00588558403498279,0.9941144159650173,2.9882288319300345
272,272,yes,yes,1,0.9675233597363387,0.03247664026366126,1.0649532805273225
273,273,yes,yes,1,0.9998965550868673,0.00010344491313274418,1.0002068898262655
274,274,yes,yes,1,0.3615709628350697,0.6384290371649304,2.2768580743298608
275,275,no,no,1,0.9588817972985025,0.041118202701497464,1.082236405402995
276,276,no,no,1,0.9926966190012713,0.007303380998728737,1.0146067619974575
277,277,yes,yes,1,0.9660309368166935,0.0339690631833065,1.067938126366613
278,278,no,yes,0,0.11962768442728841,0.8803723155727116,2.760744631145423
279,279,yes,yes,1,0.9857345340277024,0.014265465972297608,1.0285309319445952
280,280,no,yes,0,0.1447135988180528,0.8552864011819472,2.7105728023638944
281,281,no,yes,0,0.0648477256210268,0.9351522743789732,2.8703045487579466
282,282,yes,yes,1,0.007713918971191086,0.9922860810288089,2.984572162057618
283,283,yes,yes,1,0.9719546276238367,0.028045372376163336,1.0560907447523267
284,284,yes,no,0,0.38374588144906624,0.6162541185509338,2.2325082371018676
285,285,yes,yes,1,0.1357444103814073,0.8642555896185927,2.7285111792371852
286,286,yes,yes,1,0.9999961989647538,3.80103524622033e-06,1.0000076020704924
287,287,yes,yes,1,0.7020024246250209,0.29799757537497906,1.5959951507499581
288,288,yes,yes,1,0.9999726742568424,2.732574315755798e-05,1.0000546514863151
289,289,no,no,1,0.009313665816602612,0.9906863341833974,2.9813726683667947
290,290,no,yes,0,0.0002479537839914769,0.9997520462160085,2.999504092432017
291,291,yes,yes,1,0.9999493119935989,5.06880064010673e-05,1.0001013760128021
292,292,yes,yes,1,0.999748856061584,0.0002511439384159653,1.000502287876832
293,293,no,yes,0,0.3164827692208995,0.6835172307791004,2.367034461558201
294,294,yes,yes,1,0.9936578478756711,0.00634215212432887,1.0126843042486577
295,295,yes,yes,1,0.9944099752046685,0.00559002479533155,1.011180049590663
296,296,no,yes,0,0.008177841634275816,0.9918221583657242,2.983644316731448
297,297,no,yes,0,0.0019337290852700962,0.9980662709147299,2.9961325418294598
298,298,no,yes,0,0.25305793987289504,0.746942060127105,2.4938841202542097
299,299,no,yes,0,0.0018223747510198536,0.9981776252489801,2.9963552504979605
300,300,no,yes,0,0.005718364428304208,0.9942816355716958,2.9885632711433914
301,301,yes,no,0,0.9832475309482963,0.01675246905170369,1.0335049381034074
302,302,no,no,1,0.8050763976652932,0.19492360233470685,1.3898472046694137
303,303,yes,yes,1,0.8815214458568599,0.11847855414314012,1.2369571082862802
304,304,no,no,1,0.977047562134941,0.02295243786505896,1.045904875730118
305,305,no,yes,0,0.003940867573541641,0.9960591324264584,2.992118264852917
306,306,yes,yes,1,0.9907010372357327,0.009298962764267338,1.0185979255285347
307,307,yes,yes,1,0.3342995131189102,0.6657004868810898,2.3314009737621797
308,308,yes,yes,1,0.43198080870883215,0.5680191912911678,2.1360383825823357
309,309,yes,no,0,0.9555492065683736,0.04445079343162639,1.0889015868632528
310,310,yes,yes,1,0.9968934550658612,0.003106544934138755,1.0062130898682775
311,311,yes,yes,1,0.9081445092395987,0.09185549076040134,1.1837109815208027
312,312,no,yes,0,0.07375829023305494,0.9262417097669451,2.85248341953389
313,313,yes,yes,1,0.974581432446433,0.025418567553566973,1.050837135107134
314,314,yes,yes,1,0.0004591900272141803,0.9995408099727858,2.9990816199455717
315,315,yes,yes,1,0.8850747794412139,0.11492522055878607,1.2298504411175721
316,316,yes,yes,1,0.012849032545516009,0.9871509674544839,2.9743019349089677
317,317,no,yes,0,0.003783526227978151,0.9962164737720218,2.9924329475440437
318,318,no,yes,0,0.002763824531298593,0.9972361754687014,2.9944723509374027
319,319,no,yes,0,0.07208807392987969,0.9279119260701203,2.8558238521402406
320,320,no,no,1,0.9994835203640859,0.0005164796359140578,1.0010329592718281
321,321,yes,yes,1,0.20310369489513883,0.7968963051048612,2.5937926102097224
322,322,yes,yes,1,0.9968698901626912,0.00313010983730877,1.0062602196746175
323,323,yes,yes,1,0.7545196621045461,0.24548033789545387,1.4909606757909077
324,324,yes,yes,1,0.7164620256662116,0.28353797433378836,1.5670759486675767
325,325,no,no,1,0.9556225580692872,0.0443774419307128,1.0887548838614256
326,326,no,no,1,0.9904898983809992,0.009510101619000788,1.0190202032380016
327,327,yes,yes,1,0.2958819496307872,0.7041180503692128,2.4082361007384256
328,328,no,yes,0,0.3184314228992972,0.6815685771007027,2.3631371542014055
329,329,yes,yes,1,0.8528349456027893,0.14716505439721073,1.2943301087944215
330,330,no,yes,0,0.5384834239936237,0.4615165760063763,1.9230331520127526
331,331,no,yes,0,0.02475888009131781,0.9752411199086822,2.9504822398173642
332,332,yes,yes,1,0.9979416676442227,0.002058332355777348,1.0041166647115547
333,333,yes,yes,1,0.9997237578685005,0.0002762421314994601,1.000552484262999
334,334,yes,no,0,0.005962846635206758,0.9940371533647933,2.9880743067295867
335,335,yes,yes,1,0.6600638613285437,0.33993613867145633,1.6798722773429127
336,336,yes,yes,1,0.999979766205747,2.0233794252977333e-05,1.000040467588506
337,337,yes,yes,1,0.024191505285499924,0.9758084947145,2.951616989429
338,338,yes,yes,1,0.999987200959339,1.2799040660982364e-05,1.000025598081322
339,339,no,no,1,0.0006152562746571634,0.9993847437253428,2.9987694874506854
340,340,no,yes,0,0.04911620646181868,0.9508837935381813,2.9017675870763626
341,341,yes,yes,1,0.9999996488237549,3.5117624508362866e-07,1.0000007023524902
342,342,yes,yes,1,0.9982370125886137,0.001762987411386252,1.0035259748227725
343,343,no,yes,0,0.9163697322800217,0.08363026771997828,1.1672605354399566
344,344,yes,yes,1,0.5860043296535165,0.41399567034648355,1.827991340692967
345,345,yes,yes,1,0.974298749072851,0.025701250927149033,1.051402501854298
346,346,no,yes,0,0.37063899532764605,0.6293610046723539,2.258722009344708
347,347,no,yes,0,0.016997067028246167,0.9830029329717538,2.9660058659435076
348,348,no,yes,0,0.0527756816254775,0.9472243183745225,2.894448636749045
349,349,no,yes,0,0.0008283537402913077,0.9991716462597087,2.9983432925194173
350,350,no,yes,0,0.005739075708328819,0.9942609242916712,2.9885218485833427
351,351,yes,no,0,0.5565853844719205,0.4434146155280795,1.886829231056159
352,352,no,yes,0,0.6257092973774786,0.3742907026225214,1.7485814052450428
353,353,yes,yes,1,0.984217252727317,0.01578274727268303,1.031565494545366
354,354,no,no,1,0.986031531577499,0.01396846842250099,1.027936936845002
355,355,no,yes,0,0.7386923639963507,0.26130763600364926,1.5226152720072985
356,356,yes,yes,1,0.8841633039525704,0.11583669604742963,1.2316733920948593
357,357,yes,no,0,0.9290752433417503,0.07092475665824971,1.1418495133164994
358,358,yes,yes,1,0.15561640060879153,0.8443835993912084,2.6887671987824167
359,359,yes,yes,1,0.6501897556125407,0.34981024438745933,1.6996204887749187
360,360,yes,yes,1,0.9998917027015812,0.00010829729841876912,1.0002165945968375
361,361,yes,yes,1,0.9999779672883796,2.2032711620378898e-05,1.0000440654232408
362,362,no,yes,0,0.005810590393279864,0.9941894096067201,2.98837881921344
363,363,yes,yes,1,0.6634691130152651,0.3365308869847349,1.6730617739694698
364,364,yes,yes,1,0.995763514069102,0.004236485930897982,1.008472971861796
365,365,yes,yes,1,0.9976527253683899,0.002347274631610108,1.0046945492632202
366,366,yes,yes,1,0.5845110374474112,0.4154889625525888,1.8309779251051777
367,367,no,yes,0,7.605065194404442e-05,0.999923949348056,2.999847898696112
368,368,no,yes,0,0.0003262822643098356,0.9996737177356901,2.99934743547138
369,369,no,yes,0,0.05965976679222312,0.9403402332077768,2.8806804664155536
370,370,no,no,1,0.9999827677372468,1.7232262753186234e-05,1.0000344645255064
371,371,yes,yes,1,0.9987729735448868,0.0012270264551131893,1.0024540529102264
372,372,yes,yes,1,0.973384397189197,0.026615602810802996,1.053231205621606
373,373,yes,yes,1,0.9995591717446507,0.0004408282553493015,1.0008816565106986
374,374,yes,yes,1,0.9975521217436956,0.0024478782563044366,1.0048957565126089
375,375,no,no,1,0.974540275110435,0.02545972488956505,1.05091944977913
376,376,no,no,1,0.9964667240546682,0.003533275945331815,1.0070665518906636
377,377,yes,yes,1,0.1262935061636118,0.8737064938363882,2.747412987672776
378,378,no,yes,0,0.0002379575975313142,0.9997620424024687,2.9995240848049374
379,379,yes,yes,1,0.721052674189477,0.27894732581052295,1.557894651621046
380,380,no,yes,0,0.12601817877591603,0.873981821224084,2.747963642448168
381,381,no,yes,0,0.8385832588246929,0.16141674117530713,1.3228334823506143
382,382,yes,yes,1,0.8825612090898342,0.11743879091016585,1.2348775818203317
383,383,yes,yes,1,0.9572833241978378,0.04271667580216221,1.0854333516043244
384,384,yes,no,0,0.437916376665517,0.562083623334483,2.124167246668966
385,385,yes,yes,1,0.0005531172789579026,0.9994468827210421,2.998893765442084
386,386,yes,yes,1,0.9916529526512861,0.008347047348713943,1.0166940946974279
387,387,yes,yes,1,0.8973095048511107,0.10269049514888928,1.2053809902977786
388,388,yes,yes,1,0.9999537082171627,4.62917828373266e-05,1.0000925835656747
389,389,no,no,1,0.2289837686928101,0.7710162313071899,2.5420324626143795
390,390,no,yes,0,0.000144132777238799,0.9998558672227612,2.9997117344455226
391,391,yes,yes,1,0.9999966400759103,3.3599240897297378e-06,1.0000067198481795
392,392,yes,yes,1,0.998146474996699,0.0018535250033010486,1.003707050006602
393,393,no,yes,0,0.44623050815297066,0.5537694918470293,2.1075389836940586
394,394,yes,no,0,0.9464142689548879,0.053585731045112106,1.1071714620902242
395,395,yes,yes,1,0.7708794292776775,0.2291205707223225,1.458241141444645
396,396,no,yes,0,0.004711695957887621,0.9952883040421123,2.9905766080842247
397,397,no,yes,0,0.25196182013702634,0.7480381798629736,2.496076359725947
398,398,no,yes,0,0.8618855011655956,0.1381144988344044,1.2762289976688088
399,399,no,yes,0,0.0005101806392057047,0.9994898193607943,2.998979638721589
400,400,no,yes,0,4.393719679607781e-05,0.9999560628032039,2.999912125606408
401,401,yes,no,0,0.0004137222335904094,0.9995862777664096,2.9991725555328195
402,402,no,no,1,0.0228646358498339,0.9771353641501661,2.954270728300332
403,403,yes,yes,1,0.746036986196466,0.25396301380353403,1.507926027607068
404,404,no,no,1,0.9994470623837219,0.0005529376162780597,1.0011058752325561
405,405,no,yes,0,0.013368674939322403,0.9866313250606776,2.973262650121355
406,406,no,yes,0,0.05965286011780315,0.9403471398821969,2.880694279764394
407,407,yes,no,0,0.41458431799747225,0.5854156820025278,2.1708313640050556
408,408,yes,yes,1,0.8732496218408571,0.12675037815914292,1.2535007563182858
409,409,yes,no,0,0.002121008657925345,0.9978789913420747,2.9957579826841494
410,410,yes,no,0,0.9997101471900123,0.0002898528099877229,1.0005797056199754
411,411,yes,yes,1,0.06905150954208182,0.9309484904579182,2.8618969809158363
412,412,no,no,1,0.46396725223691654,0.5360327477630835,2.072065495526167
413,413,yes,yes,1,0.9850799080233675,0.014920091976632466,1.029840183953265
414,414,yes,no,0,0.9999849459259956,1.505407400437253e-05,1.0000301081480087
415,415,yes,yes,1,0.9949286469335047,0.00507135306649531,1.0101427061329906
416,416,yes,yes,1,0.02148020795029039,0.9785197920497096,2.9570395840994195
417,417,no,yes,0,2.0521999768610342e-05,0.9999794780002313,2.9999589560004627
418,418,no,no,1,0.7236857486046788,0.2763142513953212,1.5526285027906424
419,419,no,yes,0,0.07754996548922795,0.922450034510772,2.844900069021544
420,420,no,no,1,0.9988101312924154,0.0011898687075846404,1.0023797374151693
421,421,yes,yes,1,0.9926815433364948,0.0073184566635051684,1.0146369133270103
422,422,yes,yes,1,0.9977095994943228,0.0022904005056771926,1.0045808010113544
423,423,yes,yes,1,0.7530190318068097,0.24698096819319026,1.4939619363863805
424,424,yes,yes,1,0.9985965685336047,0.0014034314663953218,1.0028068629327906
425,425,no,no,1,0.9998377866353751,0.00016221336462485247,1.0003244267292497
426,426,no,no,1,0.7807197909397059,0.2192802090602941,1.4385604181205882
427,427,yes,yes,1,0.8788832957307711,0.12111670426922894,1.2422334085384579
428,428,no,yes,0,0.10139578485060342,0.8986042151493966,2.7972084302987934
429,429,yes,yes,1,0.2519406182269664,0.7480593817730337,2.4961187635460673
430,430,no,yes,0,0.995490178379664,0.004509821620335974,1.009019643240672
431,431,no,yes,0,0.20937043786796922,0.7906295621320307,2.5812591242640615
432,432,yes,no,0,0.2542438159624888,0.7457561840375112,2.491512368075022
433,433,yes,yes,1,0.9996605213405818,0.0003394786594181909,1.0006789573188364
434,434,yes,no,0,0.00041056088254496384,0.999589439117455,2.9991788782349103
435,435,yes,no,0,0.08390693545600422,0.9160930645439957,2.8321861290879915
436,436,yes,yes,1,0.999995580997928,4.419002072042488e-06,1.000008838004144
437,437,yes,yes,1,0.9900714022541356,0.00992859774586441,1.0198571954917288
438,438,yes,yes,1,0.760903271348869,0.23909672865113096,1.478193457302262
439,439,no,yes,0,0.8675856660540222,0.1324143339459778,1.2648286678919556
440,440,no,yes,0,0.9794271450590583,0.020572854940941743,1.0411457098818835
441,441,yes,yes,1,0.10815180239236553,0.8918481976076345,2.783696395215269
442,442,yes,yes,1,0.8309478417905855,0.16905215820941455,1.338104316418829
443,443,no,no,1,0.032740686109503356,0.9672593138904967,2.934518627780993
444,444,yes,yes,1,0.8248013946348409,0.17519860536515908,1.3503972107303182
445,445,yes,no,0,0.8268381642365613,0.1731618357634387,1.3463236715268774
446,446,no,no,1,0.9497912100698539,0.0502087899301461,1.1004175798602922
447,447,no,yes,0,0.0003671515810866128,0.9996328484189134,2.999265696837827
448,448,no,no,1,0.950283332113525,0.049716667886475,1.09943333577295
449,449,no,yes,0,0.048436045801826574,0.9515639541981734,2.903127908396347
450,450,no,yes,0,0.0010592166921133967,0.9989407833078866,2.9978815666157734
451,451,yes,no,0,0.0013593663084118801,0.9986406336915881,2.997281267383176
452,452,no,no,1,0.9636654861954222,0.03633451380457775,1.0726690276091555
453,453,yes,yes,1,0.7164597074049165,0.2835402925950835,1.567080585190167
454,454,no,no,1,0.9549477994450196,0.04505220055498038,1.0901044011099608
455,455,no,yes,0,0.655324151671843,0.344675848328157,1.689351696656314
456,456,no,yes,0,0.20953397016469877,0.7904660298353012,2.5809320596706025
457,457,yes,no,0,0.01512122955181142,0.9848787704481886,2.969757540896377
458,458,yes,yes,1,0.9877289800237536,0.012271019976246356,1.0245420399524927
459,459,yes,no,0,0.031548517862101416,0.9684514821378986,2.936902964275797
460,460,yes,no,0,0.9990338654042312,0.000966134595768775,1.0019322691915376
461,461,yes,yes,1,0.996506046101944,0.003493953898055957,1.006987907796112
462,462,no,no,1,0.9581457227253085,0.04185427727469149,1.083708554549383
463,463,yes,yes,1,0.9960873975982859,0.003912602401714094,1.0078252048034282
464,464,yes,no,0,0.999954400784577,4.5599215423020034e-05,1.000091198430846
465,465,yes,yes,1,0.9938635044360938,0.006136495563906164,1.0122729911278123
466,466,yes,no,0,0.9334283799780443,0.06657162002195571,1.1331432400439114
467,467,no,no,1,4.347468989354903e-05,0.9999565253101065,2.999913050620213
468,468,no,no,1,0.004159916506918234,0.9958400834930817,2.9916801669861632
469,469,no,yes,0,0.5112193201858033,0.4887806798141967,1.9775613596283934
470,470,no,no,1,0.9998103119060342,0.00018968809396580077,1.0003793761879316
471,471,yes,yes,1,0.9999778854458128,2.2114554187213642e-05,1.0000442291083744
472,472,yes,yes,1,0.9994349053587409,0.0005650946412590896,1.0011301892825182
473,473,yes,yes,1,0.5795179001885792,0.4204820998114208,1.8409641996228416
474,474,yes,yes,1,0.9991400903013509,0.0008599096986491306,1.0017198193972983
475,475,no,no,1,0.9999982009180259,1.7990819740631991e-06,1.0000035981639481
476,476,no,no,1,0.9871243356169356,0.012875664383064422,1.0257513287661288
477,477,yes,yes,1,0.9956664409198868,0.004333559080113236,1.0086671181602265
478,478,no,yes,0,0.0002809776893463747,0.9997190223106536,2.999438044621307
479,479,yes,no,0,0.4348864242251389,0.5651135757748611,2.130227151549722
480,480,no,yes,0,0.9903702597419192,0.009629740258080832,1.0192594805161617
481,481,no,yes,0,0.3225953256938573,0.6774046743061427,2.354809348612285
482,482,yes,no,0,7.792783540627972e-05,0.9999220721645937,2.9998441443291872
483,483,yes,yes,1,0.9982968060256637,0.00170319397433627,1.0034063879486725
484,484,yes,no,0,0.000133293221919309,0.9998667067780806,2.9997334135561613
485,485,yes,no,0,0.5126860086778515,0.4873139913221485,1.974627982644297
486,486,yes,yes,1,0.9998024941951389,0.0001975058048611089,1.0003950116097222
487,487,yes,yes,1,0.043893436269950965,0.956106563730049,2.912213127460098
488,488,yes,yes,1,0.9902231329767641,0.00977686702323588,1.0195537340464718
489,489,no,no,1,0.9859235205265948,0.014076479473405179,1.0281529589468104
490,490,no,no,1,0.029491687154712867,0.9705083128452872,2.9410166256905743
491,491,yes,yes,1,0.1304964848688354,0.8695035151311646,2.7390070302623295
492,492,yes,yes,1,0.9885847689189656,0.011415231081034372,1.0228304621620687
493,493,no,no,1,0.9037134594314722,0.09628654056852781,1.1925730811370556
494,494,yes,no,0,0.9998704335940544,0.00012956640594563584,1.0002591328118913
495,495,yes,no,0,0.9708264553833476,0.029173544616652447,1.058347089233305
496,496,no,no,1,0.9817645527137335,0.01823544728626647,1.036470894572533
497,497,no,yes,0,0.5896187600663185,0.4103812399336815,1.820762479867363
498,498,no,no,1,0.9347008257085904,0.06529917429140963,1.1305983485828193
499,499,no,yes,0,0.9305148934109739,0.06948510658902607,1.1389702131780521
500,500,no,yes,0,0.9106592053588403,0.08934079464115974,1.1786815892823195
501,501,no,yes,0,5.002999227935715e-05,0.9999499700077207,2.9998999400154416
502,502,no,no,1,0.08473295805044777,0.9152670419495522,2.8305340838991047
503,503,no,no,1,0.9294466377199236,0.07055336228007636,1.1411067245601527
504,504,yes,yes,1,0.99749622797699,0.002503772023009998,1.00500754404602
505,505,no,no,1,0.02795858041813015,0.9720414195818698,2.9440828391637397
506,506,no,yes,0,0.992600104745002,0.007399895254997957,1.014799790509996
507,507,yes,yes,1,0.8452451784741861,0.15475482152581388,1.3095096430516278
508,508,yes,yes,1,0.9999793239337856,2.0676066214364575e-05,1.0000413521324287
509,509,yes,no,0,0.4650158773201021,0.5349841226798979,2.069968245359796
510,510,yes,yes,1,0.6650545032495717,0.3349454967504283,1.6698909935008566
511,511,yes,no,0,0.699000276427793,0.30099972357220695,1.601999447144414
512,512,yes,yes,1,0.9799216831058333,0.020078316894166726,1.0401566337883335
513,513,no,yes,0,0.9966090144585241,0.003390985541475877,1.0067819710829518
514,514,yes,yes,1,0.7334366219815766,0.26656337801842345,1.533126756036847
515,515,yes,yes,1,0.9973578827941836,0.002642117205816419,1.0052842344116328
516,516,no,yes,0,0.4776377954851647,0.5223622045148353,2.0447244090296706
517,517,no,yes,0,0.38709283416192086,0.6129071658380791,2.2258143316761583
518,518,no,yes,0,0.9882260563545845,0.011773943645415508,1.023547887290831
519,519,no,yes,0,1.0965579037909166e-05,0.9999890344209621,2.999978068841924
520,520,no,yes,0,0.001122190475646449,0.9988778095243536,2.997755619048707
521,521,yes,yes,1,0.16540401228384552,0.8345959877161545,2.669191975432309
522,522,yes,yes,1,0.993801793414859,0.006198206585141031,1.012396413170282
523,523,no,yes,0,0.01090336131310797,0.989096638686892,2.978193277373784
524,524,yes,yes,1,0.07657754087693597,0.923422459123064,2.846844918246128
525,525,no,yes,0,0.8014064947708655,0.19859350522913455,1.397187010458269
526,526,no,yes,0,0.10149482255285054,0.8985051774471494,2.797010354894299
527,527,no,yes,0,0.03413094091683026,0.9658690590831698,2.9317381181663396
528,528,no,no,1,0.9999081604824364,9.183951756364106e-05,1.0001836790351273
529,529,no,yes,0,0.9816077304470348,0.018392269552965246,1.0367845391059305
530,530,yes,yes,1,0.27863058286615466,0.7213694171338454,2.442738834267691
531,531,no,no,1,0.021210193520533896,0.9787898064794661,2.9575796129589325
532,532,no,yes,0,0.13738343017470528,0.8626165698252948,2.7252331396505896
533,533,no,yes,0,0.0024961643138399383,0.9975038356861601,2.99500767137232
534,534,no,yes,0,0.07385545988391592,0.926144540116084,2.8522890802321683
535,535,no,no,1,0.03519672783914137,0.9648032721608586,2.929606544321717
536,536,no,yes,0,0.007264616271238479,0.9927353837287615,2.9854707674575227
537,537,yes,yes,1,0.963423078895623,0.03657692110437705,1.073153842208754
538,538,no,yes,0,5.7647948221429e-06,0.9999942352051778,2.9999884704103557
539,539,yes,yes,1,0.9733202615175534,0.026679738482446647,1.0533594769648933
540,540,yes,no,0,0.9998551131026395,0.00014488689736047444,1.000289773794721
541,541,yes,yes,1,0.022553725107568683,0.9774462748924313,2.9548925497848626
542,542,yes,no,0,0.0002298316980162834,0.9997701683019837,2.9995403366039675
543,543,no,no,1,0.9540506866816504,0.045949313318349616,1.0918986266366992
544,544,no,yes,0,0.32564251647720877,0.6743574835227912,2.3487149670455825
545,545,no,no,1,0.2760110934622202,0.7239889065377798,2.4479778130755596
546,546,yes,yes,1,0.34198583905099045,0.6580141609490096,2.316028321898019
547,547,yes,yes,1,0.01222714420770217,0.9877728557922978,2.9755457115845956
548,548,yes,yes,1,0.9996062210465706,0.0003937789534294023,1.0007875579068588
549,549,no,yes,0,0.9787271783454199,0.02127282165458011,1.0425456433091602
